<?xml version="1.0" encoding="UTF-8"?>
<addon id="skin.singular" version="0.0.2~alpha" name="Singular" provider-name="roidy">
    <requires>
        <import addon="xbmc.gui" version="5.14.0"/>
        <import addon="script.toolbox" version="1.0.0"/>
        <import addon="script.embuary.helper" version="1.0.0"/>
        <import addon="script.embuary.info" version="1.0.0"/>
    </requires>
    <extension point="xbmc.gui.skin" debugging="false" effectslowdown="0.75">
        <res width="3840" height="2160" aspect="16:9" default="true" folder="xml" />
    </extension>
    <extension point="xbmc.addon.metadata">
        <summary lang="en_GB">Singular by roidy</summary>
        <platform>all</platform>
        <license></license>
        <forum></forum> 
        <website></website>
        <email></email>
        <source></source>
        <assets>
        </assets> 
    </extension>
</addon>
