<?xml version="1.0" encoding="UTF-8"?>
<window id="1101">
    <onload>SetFocus(9005,7)</onload>

    <controls>
        <control type="group">
            <top>0</top>
            <left>0</left>
            <right>0</right>
            <bottom>0</bottom>

            <!-- Fake image for backgroung blur -->
            <control type="image" id="100000">
                <left>-3000</left>
                <top>-3000</top>
                <width>10</width>
                <height>10</height>
                <texture background="true">$VAR[BackgroundImage]</texture>
            </control>
            
            <!-- Include blurred background -->
            <include>BlurredBackground</include>

            <!-- Include all views -->
            <control type="group" id="540">
                <left>224</left>
                <animation effect="fade" start="0" end="100" time="200">WindowOpen</animation>
                <animation effect="fade" start="100" end="0" time="200">WindowClose</animation>

                <control type="textbox">
                    <align>center</align>
                    <aligny>center</aligny>
                    <textcolor>TextBright</textcolor>
                    <font>SettingsHeader</font>
                    <label>Search Section[CR]:(  TODO</label>
                </control>
            </control>

            <!-- Include menus -->
            <include>MainMenu</include> 

        </control>
    </controls>
</window>