<?xml version="1.0" encoding="UTF-8"?>
<includes>

    <include name="ButtonZoom">
        <animation type="Focus" reversible="false">
            <effect type="zoom" end="106" time="50" tween="sine" center="auto" />
            <effect type="zoom" end="94.35" time="150" tween="sine" delay="100" center="auto" />
        </animation>
    </include>

    <include name="SettingsButtonZoom">
        <animation type="Focus" reversible="false">
            <effect type="zoom" end="101,104" time="50" tween="sine" center="auto" />
            <effect type="zoom" end="99,96" time="150" tween="sine" delay="100" center="auto" />
        </animation>
    </include>

    <include name="CPUANIMATION">
        <param name="Core" default="1" />
        <definition>
        <animation effect="zoom" end="0,100" center="0,0" time="0" condition="Integer.IsEqual(System.CoreUsage($PARAM[Core]),0)">Conditional</animation>
        <animation effect="zoom" end="1,100" center="0,0" time="0" condition="Integer.IsEqual(System.CoreUsage($PARAM[Core]),1)">Conditional</animation>
        <animation effect="zoom" end="2,100" center="0,0" time="0" condition="Integer.IsEqual(System.CoreUsage($PARAM[Core]),2)">Conditional</animation>
        <animation effect="zoom" end="3,100" center="0,0" time="0" condition="Integer.IsEqual(System.CoreUsage($PARAM[Core]),3)">Conditional</animation>
        <animation effect="zoom" end="4,100" center="0,0" time="0" condition="Integer.IsEqual(System.CoreUsage($PARAM[Core]),4)">Conditional</animation>
        <animation effect="zoom" end="5,100" center="0,0" time="0" condition="Integer.IsEqual(System.CoreUsage($PARAM[Core]),5)">Conditional</animation>
        <animation effect="zoom" end="6,100" center="0,0" time="0" condition="Integer.IsEqual(System.CoreUsage($PARAM[Core]),6)">Conditional</animation>
        <animation effect="zoom" end="7,100" center="0,0" time="0" condition="Integer.IsEqual(System.CoreUsage($PARAM[Core]),7)">Conditional</animation>
        <animation effect="zoom" end="8,100" center="0,0" time="0" condition="Integer.IsEqual(System.CoreUsage($PARAM[Core]),8)">Conditional</animation>
        <animation effect="zoom" end="9,100" center="0,0" time="0" condition="Integer.IsEqual(System.CoreUsage($PARAM[Core]),9)">Conditional</animation>
        <animation effect="zoom" end="10,100" center="0,0" time="0" condition="Integer.IsEqual(System.CoreUsage($PARAM[Core]),10)">Conditional</animation>
        <animation effect="zoom" end="11,100" center="0,0" time="0" condition="Integer.IsEqual(System.CoreUsage($PARAM[Core]),11)">Conditional</animation>
        <animation effect="zoom" end="12,100" center="0,0" time="0" condition="Integer.IsEqual(System.CoreUsage($PARAM[Core]),12)">Conditional</animation>
        <animation effect="zoom" end="13,100" center="0,0" time="0" condition="Integer.IsEqual(System.CoreUsage($PARAM[Core]),13)">Conditional</animation>
        <animation effect="zoom" end="14,100" center="0,0" time="0" condition="Integer.IsEqual(System.CoreUsage($PARAM[Core]),14)">Conditional</animation>
        <animation effect="zoom" end="15,100" center="0,0" time="0" condition="Integer.IsEqual(System.CoreUsage($PARAM[Core]),15)">Conditional</animation>
        <animation effect="zoom" end="16,100" center="0,0" time="0" condition="Integer.IsEqual(System.CoreUsage($PARAM[Core]),16)">Conditional</animation>
        <animation effect="zoom" end="17,100" center="0,0" time="0" condition="Integer.IsEqual(System.CoreUsage($PARAM[Core]),17)">Conditional</animation>
        <animation effect="zoom" end="18,100" center="0,0" time="0" condition="Integer.IsEqual(System.CoreUsage($PARAM[Core]),18)">Conditional</animation>
        <animation effect="zoom" end="19,100" center="0,0" time="0" condition="Integer.IsEqual(System.CoreUsage($PARAM[Core]),19)">Conditional</animation>
        <animation effect="zoom" end="20,100" center="0,0" time="0" condition="Integer.IsEqual(System.CoreUsage($PARAM[Core]),20)">Conditional</animation>
        <animation effect="zoom" end="21,100" center="0,0" time="0" condition="Integer.IsEqual(System.CoreUsage($PARAM[Core]),21)">Conditional</animation>
        <animation effect="zoom" end="22,100" center="0,0" time="0" condition="Integer.IsEqual(System.CoreUsage($PARAM[Core]),22)">Conditional</animation>
        <animation effect="zoom" end="23,100" center="0,0" time="0" condition="Integer.IsEqual(System.CoreUsage($PARAM[Core]),23)">Conditional</animation>
        <animation effect="zoom" end="24,100" center="0,0" time="0" condition="Integer.IsEqual(System.CoreUsage($PARAM[Core]),24)">Conditional</animation>
        <animation effect="zoom" end="25,100" center="0,0" time="0" condition="Integer.IsEqual(System.CoreUsage($PARAM[Core]),25)">Conditional</animation>
        <animation effect="zoom" end="26,100" center="0,0" time="0" condition="Integer.IsEqual(System.CoreUsage($PARAM[Core]),26)">Conditional</animation>
        <animation effect="zoom" end="27,100" center="0,0" time="0" condition="Integer.IsEqual(System.CoreUsage($PARAM[Core]),27)">Conditional</animation>
        <animation effect="zoom" end="28,100" center="0,0" time="0" condition="Integer.IsEqual(System.CoreUsage($PARAM[Core]),28)">Conditional</animation>
        <animation effect="zoom" end="29,100" center="0,0" time="0" condition="Integer.IsEqual(System.CoreUsage($PARAM[Core]),29)">Conditional</animation>
        <animation effect="zoom" end="30,100" center="0,0" time="0" condition="Integer.IsEqual(System.CoreUsage($PARAM[Core]),30)">Conditional</animation>
        <animation effect="zoom" end="31,100" center="0,0" time="0" condition="Integer.IsEqual(System.CoreUsage($PARAM[Core]),31)">Conditional</animation>
        <animation effect="zoom" end="32,100" center="0,0" time="0" condition="Integer.IsEqual(System.CoreUsage($PARAM[Core]),32)">Conditional</animation>
        <animation effect="zoom" end="33,100" center="0,0" time="0" condition="Integer.IsEqual(System.CoreUsage($PARAM[Core]),33)">Conditional</animation>
        <animation effect="zoom" end="34,100" center="0,0" time="0" condition="Integer.IsEqual(System.CoreUsage($PARAM[Core]),34)">Conditional</animation>
        <animation effect="zoom" end="35,100" center="0,0" time="0" condition="Integer.IsEqual(System.CoreUsage($PARAM[Core]),35)">Conditional</animation>
        <animation effect="zoom" end="36,100" center="0,0" time="0" condition="Integer.IsEqual(System.CoreUsage($PARAM[Core]),36)">Conditional</animation>
        <animation effect="zoom" end="37,100" center="0,0" time="0" condition="Integer.IsEqual(System.CoreUsage($PARAM[Core]),37)">Conditional</animation>
        <animation effect="zoom" end="38,100" center="0,0" time="0" condition="Integer.IsEqual(System.CoreUsage($PARAM[Core]),38)">Conditional</animation>
        <animation effect="zoom" end="39,100" center="0,0" time="0" condition="Integer.IsEqual(System.CoreUsage($PARAM[Core]),39)">Conditional</animation>
        <animation effect="zoom" end="40,100" center="0,0" time="0" condition="Integer.IsEqual(System.CoreUsage($PARAM[Core]),40)">Conditional</animation>
        <animation effect="zoom" end="41,100" center="0,0" time="0" condition="Integer.IsEqual(System.CoreUsage($PARAM[Core]),41)">Conditional</animation>
        <animation effect="zoom" end="42,100" center="0,0" time="0" condition="Integer.IsEqual(System.CoreUsage($PARAM[Core]),42)">Conditional</animation>
        <animation effect="zoom" end="43,100" center="0,0" time="0" condition="Integer.IsEqual(System.CoreUsage($PARAM[Core]),43)">Conditional</animation>
        <animation effect="zoom" end="44,100" center="0,0" time="0" condition="Integer.IsEqual(System.CoreUsage($PARAM[Core]),44)">Conditional</animation>
        <animation effect="zoom" end="45,100" center="0,0" time="0" condition="Integer.IsEqual(System.CoreUsage($PARAM[Core]),45)">Conditional</animation>
        <animation effect="zoom" end="46,100" center="0,0" time="0" condition="Integer.IsEqual(System.CoreUsage($PARAM[Core]),46)">Conditional</animation>
        <animation effect="zoom" end="47,100" center="0,0" time="0" condition="Integer.IsEqual(System.CoreUsage($PARAM[Core]),47)">Conditional</animation>
        <animation effect="zoom" end="48,100" center="0,0" time="0" condition="Integer.IsEqual(System.CoreUsage($PARAM[Core]),48)">Conditional</animation>
        <animation effect="zoom" end="49,100" center="0,0" time="0" condition="Integer.IsEqual(System.CoreUsage($PARAM[Core]),49)">Conditional</animation>
        <animation effect="zoom" end="50,100" center="0,0" time="0" condition="Integer.IsEqual(System.CoreUsage($PARAM[Core]),50)">Conditional</animation>
        <animation effect="zoom" end="51,100" center="0,0" time="0" condition="Integer.IsEqual(System.CoreUsage($PARAM[Core]),51)">Conditional</animation>
        <animation effect="zoom" end="52,100" center="0,0" time="0" condition="Integer.IsEqual(System.CoreUsage($PARAM[Core]),52)">Conditional</animation>
        <animation effect="zoom" end="53,100" center="0,0" time="0" condition="Integer.IsEqual(System.CoreUsage($PARAM[Core]),53)">Conditional</animation>
        <animation effect="zoom" end="54,100" center="0,0" time="0" condition="Integer.IsEqual(System.CoreUsage($PARAM[Core]),54)">Conditional</animation>
        <animation effect="zoom" end="55,100" center="0,0" time="0" condition="Integer.IsEqual(System.CoreUsage($PARAM[Core]),55)">Conditional</animation>
        <animation effect="zoom" end="56,100" center="0,0" time="0" condition="Integer.IsEqual(System.CoreUsage($PARAM[Core]),56)">Conditional</animation>
        <animation effect="zoom" end="57,100" center="0,0" time="0" condition="Integer.IsEqual(System.CoreUsage($PARAM[Core]),57)">Conditional</animation>
        <animation effect="zoom" end="58,100" center="0,0" time="0" condition="Integer.IsEqual(System.CoreUsage($PARAM[Core]),58)">Conditional</animation>
        <animation effect="zoom" end="59,100" center="0,0" time="0" condition="Integer.IsEqual(System.CoreUsage($PARAM[Core]),59)">Conditional</animation>
        <animation effect="zoom" end="60,100" center="0,0" time="0" condition="Integer.IsEqual(System.CoreUsage($PARAM[Core]),60)">Conditional</animation>
        <animation effect="zoom" end="61,100" center="0,0" time="0" condition="Integer.IsEqual(System.CoreUsage($PARAM[Core]),61)">Conditional</animation>
        <animation effect="zoom" end="62,100" center="0,0" time="0" condition="Integer.IsEqual(System.CoreUsage($PARAM[Core]),62)">Conditional</animation>
        <animation effect="zoom" end="63,100" center="0,0" time="0" condition="Integer.IsEqual(System.CoreUsage($PARAM[Core]),63)">Conditional</animation>
        <animation effect="zoom" end="64,100" center="0,0" time="0" condition="Integer.IsEqual(System.CoreUsage($PARAM[Core]),64)">Conditional</animation>
        <animation effect="zoom" end="65,100" center="0,0" time="0" condition="Integer.IsEqual(System.CoreUsage($PARAM[Core]),65)">Conditional</animation>
        <animation effect="zoom" end="66,100" center="0,0" time="0" condition="Integer.IsEqual(System.CoreUsage($PARAM[Core]),66)">Conditional</animation>
        <animation effect="zoom" end="67,100" center="0,0" time="0" condition="Integer.IsEqual(System.CoreUsage($PARAM[Core]),67)">Conditional</animation>
        <animation effect="zoom" end="68,100" center="0,0" time="0" condition="Integer.IsEqual(System.CoreUsage($PARAM[Core]),68)">Conditional</animation>
        <animation effect="zoom" end="69,100" center="0,0" time="0" condition="Integer.IsEqual(System.CoreUsage($PARAM[Core]),69)">Conditional</animation>
        <animation effect="zoom" end="70,100" center="0,0" time="0" condition="Integer.IsEqual(System.CoreUsage($PARAM[Core]),70)">Conditional</animation>
        <animation effect="zoom" end="71,100" center="0,0" time="0" condition="Integer.IsEqual(System.CoreUsage($PARAM[Core]),71)">Conditional</animation>
        <animation effect="zoom" end="72,100" center="0,0" time="0" condition="Integer.IsEqual(System.CoreUsage($PARAM[Core]),72)">Conditional</animation>
        <animation effect="zoom" end="73,100" center="0,0" time="0" condition="Integer.IsEqual(System.CoreUsage($PARAM[Core]),73)">Conditional</animation>
        <animation effect="zoom" end="74,100" center="0,0" time="0" condition="Integer.IsEqual(System.CoreUsage($PARAM[Core]),74)">Conditional</animation>
        <animation effect="zoom" end="75,100" center="0,0" time="0" condition="Integer.IsEqual(System.CoreUsage($PARAM[Core]),75)">Conditional</animation>
        <animation effect="zoom" end="76,100" center="0,0" time="0" condition="Integer.IsEqual(System.CoreUsage($PARAM[Core]),76)">Conditional</animation>
        <animation effect="zoom" end="77,100" center="0,0" time="0" condition="Integer.IsEqual(System.CoreUsage($PARAM[Core]),77)">Conditional</animation>
        <animation effect="zoom" end="78,100" center="0,0" time="0" condition="Integer.IsEqual(System.CoreUsage($PARAM[Core]),78)">Conditional</animation>
        <animation effect="zoom" end="79,100" center="0,0" time="0" condition="Integer.IsEqual(System.CoreUsage($PARAM[Core]),79)">Conditional</animation>
        <animation effect="zoom" end="80,100" center="0,0" time="0" condition="Integer.IsEqual(System.CoreUsage($PARAM[Core]),80)">Conditional</animation>
        <animation effect="zoom" end="81,100" center="0,0" time="0" condition="Integer.IsEqual(System.CoreUsage($PARAM[Core]),81)">Conditional</animation>
        <animation effect="zoom" end="82,100" center="0,0" time="0" condition="Integer.IsEqual(System.CoreUsage($PARAM[Core]),82)">Conditional</animation>
        <animation effect="zoom" end="83,100" center="0,0" time="0" condition="Integer.IsEqual(System.CoreUsage($PARAM[Core]),83)">Conditional</animation>
        <animation effect="zoom" end="84,100" center="0,0" time="0" condition="Integer.IsEqual(System.CoreUsage($PARAM[Core]),84)">Conditional</animation>
        <animation effect="zoom" end="85,100" center="0,0" time="0" condition="Integer.IsEqual(System.CoreUsage($PARAM[Core]),85)">Conditional</animation>
        <animation effect="zoom" end="86,100" center="0,0" time="0" condition="Integer.IsEqual(System.CoreUsage($PARAM[Core]),86)">Conditional</animation>
        <animation effect="zoom" end="87,100" center="0,0" time="0" condition="Integer.IsEqual(System.CoreUsage($PARAM[Core]),87)">Conditional</animation>
        <animation effect="zoom" end="88,100" center="0,0" time="0" condition="Integer.IsEqual(System.CoreUsage($PARAM[Core]),88)">Conditional</animation>
        <animation effect="zoom" end="89,100" center="0,0" time="0" condition="Integer.IsEqual(System.CoreUsage($PARAM[Core]),89)">Conditional</animation>
        <animation effect="zoom" end="90,100" center="0,0" time="0" condition="Integer.IsEqual(System.CoreUsage($PARAM[Core]),90)">Conditional</animation>
        <animation effect="zoom" end="91,100" center="0,0" time="0" condition="Integer.IsEqual(System.CoreUsage($PARAM[Core]),91)">Conditional</animation>
        <animation effect="zoom" end="92,100" center="0,0" time="0" condition="Integer.IsEqual(System.CoreUsage($PARAM[Core]),92)">Conditional</animation>
        <animation effect="zoom" end="93,100" center="0,0" time="0" condition="Integer.IsEqual(System.CoreUsage($PARAM[Core]),93)">Conditional</animation>
        <animation effect="zoom" end="94,100" center="0,0" time="0" condition="Integer.IsEqual(System.CoreUsage($PARAM[Core]),94)">Conditional</animation>
        <animation effect="zoom" end="95,100" center="0,0" time="0" condition="Integer.IsEqual(System.CoreUsage($PARAM[Core]),95)">Conditional</animation>
        <animation effect="zoom" end="96,100" center="0,0" time="0" condition="Integer.IsEqual(System.CoreUsage($PARAM[Core]),96)">Conditional</animation>
        <animation effect="zoom" end="97,100" center="0,0" time="0" condition="Integer.IsEqual(System.CoreUsage($PARAM[Core]),97)">Conditional</animation>
        <animation effect="zoom" end="98,100" center="0,0" time="0" condition="Integer.IsEqual(System.CoreUsage($PARAM[Core]),98)">Conditional</animation>
        <animation effect="zoom" end="99,100" center="0,0" time="0" condition="Integer.IsEqual(System.CoreUsage($PARAM[Core]),99)">Conditional</animation>
        <animation effect="zoom" end="100,100" center="0,0" time="0" condition="Integer.IsEqual(System.CoreUsage($PARAM[Core]),100)">Conditional</animation>
        </definition>
    </include>

    <include name="CenterContext">
        <animation effect="slide" start="0,0" end="0,870" time="0" condition="Integer.IsEqual(Container($PARAM[id]).NumItems,1)">Conditional</animation>
        <animation effect="slide" start="0,0" end="0,790" time="0" condition="Integer.IsEqual(Container($PARAM[id]).NumItems,2)">Conditional</animation>
        <animation effect="slide" start="0,0" end="0,710" time="0" condition="Integer.IsEqual(Container($PARAM[id]).NumItems,3)">Conditional</animation>
        <animation effect="slide" start="0,0" end="0,630" time="0" condition="Integer.IsEqual(Container($PARAM[id]).NumItems,4)">Conditional</animation>
        <animation effect="slide" start="0,0" end="0,550" time="0" condition="Integer.IsEqual(Container($PARAM[id]).NumItems,5)">Conditional</animation>
        <animation effect="slide" start="0,0" end="0,470" time="0" condition="Integer.IsEqual(Container($PARAM[id]).NumItems,6)">Conditional</animation>
        <animation effect="slide" start="0,0" end="0,390" time="0" condition="Integer.IsEqual(Container($PARAM[id]).NumItems,7)">Conditional</animation>
        <animation effect="slide" start="0,0" end="0,310" time="0" condition="Integer.IsEqual(Container($PARAM[id]).NumItems,8)">Conditional</animation>
        <animation effect="slide" start="0,0" end="0,230" time="0" condition="Integer.IsEqual(Container($PARAM[id]).NumItems,9)">Conditional</animation>
        <animation effect="slide" start="0,0" end="0,150" time="0" condition="Integer.IsEqual(Container($PARAM[id]).NumItems,10)">Conditional</animation>
        <animation effect="slide" start="0,0" end="0,70" time="0" condition="Integer.IsEqual(Container($PARAM[id]).NumItems,11)">Conditional</animation>
        <animation effect="slide" start="0,0" end="0,70" time="0" condition="Integer.IsGreater(Container($PARAM[id]).NumItems,11)">Conditional</animation>
    </include>

    <include name="CenterDialogSelect">
        <animation effect="slide" start="0,0" end="0,998" time="0" condition="Integer.IsEqual(Container($PARAM[id]).NumAllItems,1)">Conditional</animation>
        <animation effect="slide" start="0,0" end="0,918" time="0" condition="Integer.IsEqual(Container($PARAM[id]).NumAllItems,2)">Conditional</animation>
        <animation effect="slide" start="0,0" end="0,838" time="0" condition="Integer.IsEqual(Container($PARAM[id]).NumAllItems,3)">Conditional</animation>
        <animation effect="slide" start="0,0" end="0,758" time="0" condition="Integer.IsEqual(Container($PARAM[id]).NumAllItems,4)">Conditional</animation>
        <animation effect="slide" start="0,0" end="0,678" time="0" condition="Integer.IsEqual(Container($PARAM[id]).NumAllItems,5)">Conditional</animation>
        <animation effect="slide" start="0,0" end="0,598" time="0" condition="Integer.IsEqual(Container($PARAM[id]).NumAllItems,6)">Conditional</animation>
        <animation effect="slide" start="0,0" end="0,518" time="0" condition="Integer.IsEqual(Container($PARAM[id]).NumAllItems,7)">Conditional</animation>
        <animation effect="slide" start="0,0" end="0,438" time="0" condition="Integer.IsEqual(Container($PARAM[id]).NumAllItems,8)">Conditional</animation>
        <animation effect="slide" start="0,0" end="0,358" time="0" condition="Integer.IsEqual(Container($PARAM[id]).NumAllItems,9)">Conditional</animation>
        <animation effect="slide" start="0,0" end="0,278" time="0" condition="Integer.IsEqual(Container($PARAM[id]).NumAllItems,10)">Conditional</animation>
        <animation effect="slide" start="0,0" end="0,198" time="0" condition="Integer.IsEqual(Container($PARAM[id]).NumAllItems,11)">Conditional</animation>
        <animation effect="slide" start="0,0" end="0,118" time="0" condition="Integer.IsEqual(Container($PARAM[id]).NumAllItems,12)">Conditional</animation>
        <animation effect="slide" start="0,0" end="0,38" time="0" condition="Integer.IsEqual(Container($PARAM[id]).NumAllItems,13)">Conditional</animation>

        <animation effect="slide" start="0,0" end="0,0" time="0" condition="Integer.IsGreater(Container($PARAM[id]).NumAllItems,13)">Conditional</animation>
    </include>

    <include name="CenterDialogSelectImage">
        <animation effect="slide" start="0,0" end="0,980" time="0" condition="Integer.IsEqual(Container($PARAM[id]).NumAllItems,1)">Conditional</animation>
        <animation effect="slide" start="0,0" end="0,880" time="0" condition="Integer.IsEqual(Container($PARAM[id]).NumAllItems,2)">Conditional</animation>
        <animation effect="slide" start="0,0" end="0,780" time="0" condition="Integer.IsEqual(Container($PARAM[id]).NumAllItems,3)">Conditional</animation>
        <animation effect="slide" start="0,0" end="0,680" time="0" condition="Integer.IsEqual(Container($PARAM[id]).NumAllItems,4)">Conditional</animation>
        <animation effect="slide" start="0,0" end="0,580" time="0" condition="Integer.IsEqual(Container($PARAM[id]).NumAllItems,5)">Conditional</animation>
        <animation effect="slide" start="0,0" end="0,480" time="0" condition="Integer.IsEqual(Container($PARAM[id]).NumAllItems,6)">Conditional</animation>
        <animation effect="slide" start="0,0" end="0,380" time="0" condition="Integer.IsEqual(Container($PARAM[id]).NumAllItems,7)">Conditional</animation>
        <animation effect="slide" start="0,0" end="0,280" time="0" condition="Integer.IsEqual(Container($PARAM[id]).NumAllItems,8)">Conditional</animation>
        <animation effect="slide" start="0,0" end="0,180" time="0" condition="Integer.IsEqual(Container($PARAM[id]).NumAllItems,9)">Conditional</animation>
        <animation effect="slide" start="0,0" end="0,80" time="0" condition="Integer.IsEqual(Container($PARAM[id]).NumAllItems,10)">Conditional</animation>

        <animation effect="slide" start="0,0" end="0,0" time="0" condition="Integer.IsGreater(Container($PARAM[id]).NumAllItems,10)">Conditional</animation>
    </include>

    <include name="MainMenuTopAnimation">
        <animation effect="slide" start="0,0" end="0,984" time="0" condition="Integer.IsEqual(Container($PARAM[id]).NumItems,1)">Conditional</animation>
        <animation effect="slide" start="0,0" end="0,888" time="0" condition="Integer.IsEqual(Container($PARAM[id]).NumItems,2)">Conditional</animation>
        <animation effect="slide" start="0,0" end="0,792" time="0" condition="Integer.IsEqual(Container($PARAM[id]).NumItems,3)">Conditional</animation>
        <animation effect="slide" start="0,0" end="0,696" time="0" condition="Integer.IsEqual(Container($PARAM[id]).NumItems,4)">Conditional</animation>
        <animation effect="slide" start="0,0" end="0,600" time="0" condition="Integer.IsEqual(Container($PARAM[id]).NumItems,5)">Conditional</animation>
        <animation effect="slide" start="0,0" end="0,504" time="0" condition="Integer.IsEqual(Container($PARAM[id]).NumItems,6)">Conditional</animation>
        <animation effect="slide" start="0,0" end="0,408" time="0" condition="Integer.IsEqual(Container($PARAM[id]).NumItems,7)">Conditional</animation>
        <animation effect="slide" start="0,0" end="0,312" time="0" condition="Integer.IsEqual(Container($PARAM[id]).NumItems,8)">Conditional</animation>
        <animation effect="slide" start="0,0" end="0,216" time="0" condition="Integer.IsEqual(Container($PARAM[id]).NumItems,9)">Conditional</animation>
        <animation effect="slide" start="0,0" end="0,120" time="0" condition="Integer.IsEqual(Container($PARAM[id]).NumItems,10)">Conditional</animation>
        <animation effect="slide" start="0,0" end="0,24" time="0" condition="Integer.IsEqual(Container($PARAM[id]).NumItems,11)">Conditional</animation>
    </include>

    <include name="SongListPlayHead">
        <animation effect="slide" start="0" end="13" time="10" condition="Integer.IsEqual(Player.Progress,1) | Integer.IsGreater(Player.Progress,1)" reversible="false">Conditonal</animation>
        <animation effect="slide" start="0" end="13" time="10" condition="Integer.IsGreater(Player.Progress,1)" reversible="false">Conditonal</animation>
        <animation effect="slide" start="0" end="13" time="10" condition="Integer.IsGreater(Player.Progress,2)" reversible="false">Conditonal</animation>
        <animation effect="slide" start="0" end="13" time="10" condition="Integer.IsGreater(Player.Progress,3)" reversible="false">Conditonal</animation>
        <animation effect="slide" start="0" end="13" time="10" condition="Integer.IsGreater(Player.Progress,4)" reversible="false">Conditonal</animation>
        <animation effect="slide" start="0" end="13" time="10" condition="Integer.IsGreater(Player.Progress,5)" reversible="false">Conditonal</animation>
        <animation effect="slide" start="0" end="13" time="10" condition="Integer.IsGreater(Player.Progress,6)" reversible="false">Conditonal</animation>
        <animation effect="slide" start="0" end="13" time="10" condition="Integer.IsGreater(Player.Progress,7)" reversible="false">Conditonal</animation>
        <animation effect="slide" start="0" end="13" time="10" condition="Integer.IsGreater(Player.Progress,8)" reversible="false">Conditonal</animation>
        <animation effect="slide" start="0" end="13" time="10" condition="Integer.IsGreater(Player.Progress,9)" reversible="false">Conditonal</animation>
        <animation effect="slide" start="0" end="13" time="10" condition="Integer.IsGreater(Player.Progress,10)" reversible="false">Conditonal</animation>
        <animation effect="slide" start="0" end="13" time="10" condition="Integer.IsGreater(Player.Progress,11)" reversible="false">Conditonal</animation>
        <animation effect="slide" start="0" end="13" time="10" condition="Integer.IsGreater(Player.Progress,12)" reversible="false">Conditonal</animation>
        <animation effect="slide" start="0" end="13" time="10" condition="Integer.IsGreater(Player.Progress,13)" reversible="false">Conditonal</animation>
        <animation effect="slide" start="0" end="13" time="10" condition="Integer.IsGreater(Player.Progress,14)" reversible="false">Conditonal</animation>
        <animation effect="slide" start="0" end="13" time="10" condition="Integer.IsGreater(Player.Progress,15)" reversible="false">Conditonal</animation>
        <animation effect="slide" start="0" end="13" time="10" condition="Integer.IsGreater(Player.Progress,16)" reversible="false">Conditonal</animation>
        <animation effect="slide" start="0" end="13" time="10" condition="Integer.IsGreater(Player.Progress,17)" reversible="false">Conditonal</animation>
        <animation effect="slide" start="0" end="13" time="10" condition="Integer.IsGreater(Player.Progress,18)" reversible="false">Conditonal</animation>
        <animation effect="slide" start="0" end="13" time="10" condition="Integer.IsGreater(Player.Progress,19)" reversible="false">Conditonal</animation>
        <animation effect="slide" start="0" end="13" time="10" condition="Integer.IsGreater(Player.Progress,20)" reversible="false">Conditonal</animation>
        <animation effect="slide" start="0" end="13" time="10" condition="Integer.IsGreater(Player.Progress,21)" reversible="false">Conditonal</animation>
        <animation effect="slide" start="0" end="13" time="10" condition="Integer.IsGreater(Player.Progress,22)" reversible="false">Conditonal</animation>
        <animation effect="slide" start="0" end="13" time="10" condition="Integer.IsGreater(Player.Progress,23)" reversible="false">Conditonal</animation>
        <animation effect="slide" start="0" end="13" time="10" condition="Integer.IsGreater(Player.Progress,24)" reversible="false">Conditonal</animation>
        <animation effect="slide" start="0" end="13" time="10" condition="Integer.IsGreater(Player.Progress,25)" reversible="false">Conditonal</animation>
        <animation effect="slide" start="0" end="13" time="10" condition="Integer.IsGreater(Player.Progress,26)" reversible="false">Conditonal</animation>
        <animation effect="slide" start="0" end="13" time="10" condition="Integer.IsGreater(Player.Progress,27)" reversible="false">Conditonal</animation>
        <animation effect="slide" start="0" end="13" time="10" condition="Integer.IsGreater(Player.Progress,28)" reversible="false">Conditonal</animation>
        <animation effect="slide" start="0" end="13" time="10" condition="Integer.IsGreater(Player.Progress,29)" reversible="false">Conditonal</animation>
        <animation effect="slide" start="0" end="13" time="10" condition="Integer.IsGreater(Player.Progress,30)" reversible="false">Conditonal</animation>
        <animation effect="slide" start="0" end="13" time="10" condition="Integer.IsGreater(Player.Progress,31)" reversible="false">Conditonal</animation>
        <animation effect="slide" start="0" end="13" time="10" condition="Integer.IsGreater(Player.Progress,32)" reversible="false">Conditonal</animation>
        <animation effect="slide" start="0" end="13" time="10" condition="Integer.IsGreater(Player.Progress,33)" reversible="false">Conditonal</animation>
        <animation effect="slide" start="0" end="13" time="10" condition="Integer.IsGreater(Player.Progress,34)" reversible="false">Conditonal</animation>
        <animation effect="slide" start="0" end="13" time="10" condition="Integer.IsGreater(Player.Progress,35)" reversible="false">Conditonal</animation>
        <animation effect="slide" start="0" end="13" time="10" condition="Integer.IsGreater(Player.Progress,36)" reversible="false">Conditonal</animation>
        <animation effect="slide" start="0" end="13" time="10" condition="Integer.IsGreater(Player.Progress,37)" reversible="false">Conditonal</animation>
        <animation effect="slide" start="0" end="13" time="10" condition="Integer.IsGreater(Player.Progress,38)" reversible="false">Conditonal</animation>
        <animation effect="slide" start="0" end="13" time="10" condition="Integer.IsGreater(Player.Progress,39)" reversible="false">Conditonal</animation>
        <animation effect="slide" start="0" end="13" time="10" condition="Integer.IsGreater(Player.Progress,40)" reversible="false">Conditonal</animation>
        <animation effect="slide" start="0" end="13" time="10" condition="Integer.IsGreater(Player.Progress,41)" reversible="false">Conditonal</animation>
        <animation effect="slide" start="0" end="13" time="10" condition="Integer.IsGreater(Player.Progress,42)" reversible="false">Conditonal</animation>
        <animation effect="slide" start="0" end="13" time="10" condition="Integer.IsGreater(Player.Progress,43)" reversible="false">Conditonal</animation>
        <animation effect="slide" start="0" end="13" time="10" condition="Integer.IsGreater(Player.Progress,44)" reversible="false">Conditonal</animation>
        <animation effect="slide" start="0" end="13" time="10" condition="Integer.IsGreater(Player.Progress,45)" reversible="false">Conditonal</animation>
        <animation effect="slide" start="0" end="13" time="10" condition="Integer.IsGreater(Player.Progress,46)" reversible="false">Conditonal</animation>
        <animation effect="slide" start="0" end="13" time="10" condition="Integer.IsGreater(Player.Progress,47)" reversible="false">Conditonal</animation>
        <animation effect="slide" start="0" end="13" time="10" condition="Integer.IsGreater(Player.Progress,48)" reversible="false">Conditonal</animation>
        <animation effect="slide" start="0" end="13" time="10" condition="Integer.IsGreater(Player.Progress,49)" reversible="false">Conditonal</animation>
        <animation effect="slide" start="0" end="13" time="10" condition="Integer.IsGreater(Player.Progress,50)" reversible="false">Conditonal</animation>
        <animation effect="slide" start="0" end="13" time="10" condition="Integer.IsGreater(Player.Progress,51)" reversible="false">Conditonal</animation>
        <animation effect="slide" start="0" end="13" time="10" condition="Integer.IsGreater(Player.Progress,52)" reversible="false">Conditonal</animation>
        <animation effect="slide" start="0" end="13" time="10" condition="Integer.IsGreater(Player.Progress,53)" reversible="false">Conditonal</animation>
        <animation effect="slide" start="0" end="13" time="10" condition="Integer.IsGreater(Player.Progress,54)" reversible="false">Conditonal</animation>
        <animation effect="slide" start="0" end="13" time="10" condition="Integer.IsGreater(Player.Progress,55)" reversible="false">Conditonal</animation>
        <animation effect="slide" start="0" end="13" time="10" condition="Integer.IsGreater(Player.Progress,56)" reversible="false">Conditonal</animation>
        <animation effect="slide" start="0" end="13" time="10" condition="Integer.IsGreater(Player.Progress,57)" reversible="false">Conditonal</animation>
        <animation effect="slide" start="0" end="13" time="10" condition="Integer.IsGreater(Player.Progress,58)" reversible="false">Conditonal</animation>
        <animation effect="slide" start="0" end="13" time="10" condition="Integer.IsGreater(Player.Progress,59)" reversible="false">Conditonal</animation>
        <animation effect="slide" start="0" end="13" time="10" condition="Integer.IsGreater(Player.Progress,60)" reversible="false">Conditonal</animation>
        <animation effect="slide" start="0" end="13" time="10" condition="Integer.IsGreater(Player.Progress,61)" reversible="false">Conditonal</animation>
        <animation effect="slide" start="0" end="13" time="10" condition="Integer.IsGreater(Player.Progress,62)" reversible="false">Conditonal</animation>
        <animation effect="slide" start="0" end="13" time="10" condition="Integer.IsGreater(Player.Progress,63)" reversible="false">Conditonal</animation>
        <animation effect="slide" start="0" end="13" time="10" condition="Integer.IsGreater(Player.Progress,64)" reversible="false">Conditonal</animation>
        <animation effect="slide" start="0" end="13" time="10" condition="Integer.IsGreater(Player.Progress,65)" reversible="false">Conditonal</animation>
        <animation effect="slide" start="0" end="13" time="10" condition="Integer.IsGreater(Player.Progress,66)" reversible="false">Conditonal</animation>
        <animation effect="slide" start="0" end="13" time="10" condition="Integer.IsGreater(Player.Progress,67)" reversible="false">Conditonal</animation>
        <animation effect="slide" start="0" end="13" time="10" condition="Integer.IsGreater(Player.Progress,68)" reversible="false">Conditonal</animation>
        <animation effect="slide" start="0" end="13" time="10" condition="Integer.IsGreater(Player.Progress,69)" reversible="false">Conditonal</animation>
        <animation effect="slide" start="0" end="13" time="10" condition="Integer.IsGreater(Player.Progress,70)" reversible="false">Conditonal</animation>
        <animation effect="slide" start="0" end="13" time="10" condition="Integer.IsGreater(Player.Progress,71)" reversible="false">Conditonal</animation>
        <animation effect="slide" start="0" end="13" time="10" condition="Integer.IsGreater(Player.Progress,72)" reversible="false">Conditonal</animation>
        <animation effect="slide" start="0" end="13" time="10" condition="Integer.IsGreater(Player.Progress,73)" reversible="false">Conditonal</animation>
        <animation effect="slide" start="0" end="13" time="10" condition="Integer.IsGreater(Player.Progress,74)" reversible="false">Conditonal</animation>
        <animation effect="slide" start="0" end="13" time="10" condition="Integer.IsGreater(Player.Progress,75)" reversible="false">Conditonal</animation>
        <animation effect="slide" start="0" end="13" time="10" condition="Integer.IsGreater(Player.Progress,76)" reversible="false">Conditonal</animation>
        <animation effect="slide" start="0" end="13" time="10" condition="Integer.IsGreater(Player.Progress,77)" reversible="false">Conditonal</animation>
        <animation effect="slide" start="0" end="13" time="10" condition="Integer.IsGreater(Player.Progress,78)" reversible="false">Conditonal</animation>
        <animation effect="slide" start="0" end="13" time="10" condition="Integer.IsGreater(Player.Progress,79)" reversible="false">Conditonal</animation>
        <animation effect="slide" start="0" end="13" time="10" condition="Integer.IsGreater(Player.Progress,80)" reversible="false">Conditonal</animation>
        <animation effect="slide" start="0" end="13" time="10" condition="Integer.IsGreater(Player.Progress,81)" reversible="false">Conditonal</animation>
        <animation effect="slide" start="0" end="13" time="10" condition="Integer.IsGreater(Player.Progress,82)" reversible="false">Conditonal</animation>
        <animation effect="slide" start="0" end="13" time="10" condition="Integer.IsGreater(Player.Progress,83)" reversible="false">Conditonal</animation>
        <animation effect="slide" start="0" end="13" time="10" condition="Integer.IsGreater(Player.Progress,84)" reversible="false">Conditonal</animation>
        <animation effect="slide" start="0" end="13" time="10" condition="Integer.IsGreater(Player.Progress,85)" reversible="false">Conditonal</animation>
        <animation effect="slide" start="0" end="13" time="10" condition="Integer.IsGreater(Player.Progress,86)" reversible="false">Conditonal</animation>
        <animation effect="slide" start="0" end="13" time="10" condition="Integer.IsGreater(Player.Progress,87)" reversible="false">Conditonal</animation>
        <animation effect="slide" start="0" end="13" time="10" condition="Integer.IsGreater(Player.Progress,88)" reversible="false">Conditonal</animation>
        <animation effect="slide" start="0" end="13" time="10" condition="Integer.IsGreater(Player.Progress,89)" reversible="false">Conditonal</animation>
        <animation effect="slide" start="0" end="13" time="10" condition="Integer.IsGreater(Player.Progress,90)" reversible="false">Conditonal</animation>
        <animation effect="slide" start="0" end="13" time="10" condition="Integer.IsGreater(Player.Progress,91)" reversible="false">Conditonal</animation>
        <animation effect="slide" start="0" end="13" time="10" condition="Integer.IsGreater(Player.Progress,92)" reversible="false">Conditonal</animation>
        <animation effect="slide" start="0" end="13" time="10" condition="Integer.IsGreater(Player.Progress,93)" reversible="false">Conditonal</animation>
        <animation effect="slide" start="0" end="13" time="10" condition="Integer.IsGreater(Player.Progress,94)" reversible="false">Conditonal</animation>
        <animation effect="slide" start="0" end="13" time="10" condition="Integer.IsGreater(Player.Progress,95)" reversible="false">Conditonal</animation>
        <animation effect="slide" start="0" end="13" time="10" condition="Integer.IsGreater(Player.Progress,96)" reversible="false">Conditonal</animation>
        <animation effect="slide" start="0" end="13" time="10" condition="Integer.IsGreater(Player.Progress,97)" reversible="false">Conditonal</animation>
        <animation effect="slide" start="0" end="13" time="10" condition="Integer.IsGreater(Player.Progress,98)" reversible="false">Conditonal</animation>
        <animation effect="slide" start="0" end="13" time="10" condition="Integer.IsGreater(Player.Progress,99)" reversible="false">Conditonal</animation>
        <animation effect="slide" start="0" end="13" time="10" condition="Integer.IsGreater(Player.Progress,100)" reversible="false">Conditonal</animation>
    </include>

    <include name="PlayerProgressAnimation">
        <animation effect="slide" start="0" end="6" time="100" condition="Integer.IsGreater(Player.Progress,2)" reversible="false">Conditonal</animation>
        <animation effect="slide" start="0" end="16.5" time="100" condition="Integer.IsGreater(Player.Progress,3)" reversible="false">Conditonal</animation>
        <animation effect="slide" start="0" end="16.5" time="100" condition="Integer.IsGreater(Player.Progress,4)" reversible="false">Conditonal</animation>
        <animation effect="slide" start="0" end="16.5" time="100" condition="Integer.IsGreater(Player.Progress,5)" reversible="false">Conditonal</animation>
        <animation effect="slide" start="0" end="16.5" time="100" condition="Integer.IsGreater(Player.Progress,6)" reversible="false">Conditonal</animation>
        <animation effect="slide" start="0" end="16.5" time="100" condition="Integer.IsGreater(Player.Progress,7)" reversible="false">Conditonal</animation>
        <animation effect="slide" start="0" end="16.5" time="100" condition="Integer.IsGreater(Player.Progress,8)" reversible="false">Conditonal</animation>
        <animation effect="slide" start="0" end="16.5" time="100" condition="Integer.IsGreater(Player.Progress,9)" reversible="false">Conditonal</animation>
        <animation effect="slide" start="0" end="16.5" time="100" condition="Integer.IsGreater(Player.Progress,10)" reversible="false">Conditonal</animation>
        <animation effect="slide" start="0" end="16.5" time="100" condition="Integer.IsGreater(Player.Progress,11)" reversible="false">Conditonal</animation>
        <animation effect="slide" start="0" end="16.5" time="100" condition="Integer.IsGreater(Player.Progress,12)" reversible="false">Conditonal</animation>
        <animation effect="slide" start="0" end="16.5" time="100" condition="Integer.IsGreater(Player.Progress,13)" reversible="false">Conditonal</animation>
        <animation effect="slide" start="0" end="16.5" time="100" condition="Integer.IsGreater(Player.Progress,14)" reversible="false">Conditonal</animation>
        <animation effect="slide" start="0" end="16.5" time="100" condition="Integer.IsGreater(Player.Progress,15)" reversible="false">Conditonal</animation>
        <animation effect="slide" start="0" end="16.5" time="100" condition="Integer.IsGreater(Player.Progress,16)" reversible="false">Conditonal</animation>
        <animation effect="slide" start="0" end="16.5" time="100" condition="Integer.IsGreater(Player.Progress,17)" reversible="false">Conditonal</animation>
        <animation effect="slide" start="0" end="16.5" time="100" condition="Integer.IsGreater(Player.Progress,18)" reversible="false">Conditonal</animation>
        <animation effect="slide" start="0" end="16.5" time="100" condition="Integer.IsGreater(Player.Progress,19)" reversible="false">Conditonal</animation>
        <animation effect="slide" start="0" end="16.5" time="100" condition="Integer.IsGreater(Player.Progress,20)" reversible="false">Conditonal</animation>
        <animation effect="slide" start="0" end="16.5" time="100" condition="Integer.IsGreater(Player.Progress,21)" reversible="false">Conditonal</animation>
        <animation effect="slide" start="0" end="16.5" time="100" condition="Integer.IsGreater(Player.Progress,22)" reversible="false">Conditonal</animation>
        <animation effect="slide" start="0" end="16.5" time="100" condition="Integer.IsGreater(Player.Progress,23)" reversible="false">Conditonal</animation>
        <animation effect="slide" start="0" end="16.5" time="100" condition="Integer.IsGreater(Player.Progress,24)" reversible="false">Conditonal</animation>
        <animation effect="slide" start="0" end="16.5" time="100" condition="Integer.IsGreater(Player.Progress,25)" reversible="false">Conditonal</animation>
        <animation effect="slide" start="0" end="16.5" time="100" condition="Integer.IsGreater(Player.Progress,26)" reversible="false">Conditonal</animation>
        <animation effect="slide" start="0" end="16.5" time="100" condition="Integer.IsGreater(Player.Progress,27)" reversible="false">Conditonal</animation>
        <animation effect="slide" start="0" end="16.5" time="100" condition="Integer.IsGreater(Player.Progress,28)" reversible="false">Conditonal</animation>
        <animation effect="slide" start="0" end="16.5" time="100" condition="Integer.IsGreater(Player.Progress,29)" reversible="false">Conditonal</animation>
        <animation effect="slide" start="0" end="16.5" time="100" condition="Integer.IsGreater(Player.Progress,30)" reversible="false">Conditonal</animation>
        <animation effect="slide" start="0" end="16.5" time="100" condition="Integer.IsGreater(Player.Progress,31)" reversible="false">Conditonal</animation>
        <animation effect="slide" start="0" end="16.5" time="100" condition="Integer.IsGreater(Player.Progress,32)" reversible="false">Conditonal</animation>
        <animation effect="slide" start="0" end="16.5" time="100" condition="Integer.IsGreater(Player.Progress,33)" reversible="false">Conditonal</animation>
        <animation effect="slide" start="0" end="16.5" time="100" condition="Integer.IsGreater(Player.Progress,34)" reversible="false">Conditonal</animation>
        <animation effect="slide" start="0" end="16.5" time="100" condition="Integer.IsGreater(Player.Progress,35)" reversible="false">Conditonal</animation>
        <animation effect="slide" start="0" end="16.5" time="100" condition="Integer.IsGreater(Player.Progress,36)" reversible="false">Conditonal</animation>
        <animation effect="slide" start="0" end="16.5" time="100" condition="Integer.IsGreater(Player.Progress,37)" reversible="false">Conditonal</animation>
        <animation effect="slide" start="0" end="16.5" time="100" condition="Integer.IsGreater(Player.Progress,38)" reversible="false">Conditonal</animation>
        <animation effect="slide" start="0" end="16.5" time="100" condition="Integer.IsGreater(Player.Progress,39)" reversible="false">Conditonal</animation>
        <animation effect="slide" start="0" end="16.5" time="100" condition="Integer.IsGreater(Player.Progress,40)" reversible="false">Conditonal</animation>
        <animation effect="slide" start="0" end="16.5" time="100" condition="Integer.IsGreater(Player.Progress,41)" reversible="false">Conditonal</animation>
        <animation effect="slide" start="0" end="16.5" time="100" condition="Integer.IsGreater(Player.Progress,42)" reversible="false">Conditonal</animation>
        <animation effect="slide" start="0" end="16.5" time="100" condition="Integer.IsGreater(Player.Progress,43)" reversible="false">Conditonal</animation>
        <animation effect="slide" start="0" end="16.5" time="100" condition="Integer.IsGreater(Player.Progress,44)" reversible="false">Conditonal</animation>
        <animation effect="slide" start="0" end="16.5" time="100" condition="Integer.IsGreater(Player.Progress,45)" reversible="false">Conditonal</animation>
        <animation effect="slide" start="0" end="16.5" time="100" condition="Integer.IsGreater(Player.Progress,46)" reversible="false">Conditonal</animation>
        <animation effect="slide" start="0" end="16.5" time="100" condition="Integer.IsGreater(Player.Progress,47)" reversible="false">Conditonal</animation>
        <animation effect="slide" start="0" end="16.5" time="100" condition="Integer.IsGreater(Player.Progress,48)" reversible="false">Conditonal</animation>
        <animation effect="slide" start="0" end="16.5" time="100" condition="Integer.IsGreater(Player.Progress,49)" reversible="false">Conditonal</animation>
        <animation effect="slide" start="0" end="16.5" time="100" condition="Integer.IsGreater(Player.Progress,50)" reversible="false">Conditonal</animation>
        <animation effect="slide" start="0" end="16.5" time="100" condition="Integer.IsGreater(Player.Progress,51)" reversible="false">Conditonal</animation>
        <animation effect="slide" start="0" end="16.5" time="100" condition="Integer.IsGreater(Player.Progress,52)" reversible="false">Conditonal</animation>
        <animation effect="slide" start="0" end="16.5" time="100" condition="Integer.IsGreater(Player.Progress,53)" reversible="false">Conditonal</animation>
        <animation effect="slide" start="0" end="16.5" time="100" condition="Integer.IsGreater(Player.Progress,54)" reversible="false">Conditonal</animation>
        <animation effect="slide" start="0" end="16.5" time="100" condition="Integer.IsGreater(Player.Progress,55)" reversible="false">Conditonal</animation>
        <animation effect="slide" start="0" end="16.5" time="100" condition="Integer.IsGreater(Player.Progress,56)" reversible="false">Conditonal</animation>
        <animation effect="slide" start="0" end="16.5" time="100" condition="Integer.IsGreater(Player.Progress,57)" reversible="false">Conditonal</animation>
        <animation effect="slide" start="0" end="16.5" time="100" condition="Integer.IsGreater(Player.Progress,58)" reversible="false">Conditonal</animation>
        <animation effect="slide" start="0" end="16.5" time="100" condition="Integer.IsGreater(Player.Progress,59)" reversible="false">Conditonal</animation>
        <animation effect="slide" start="0" end="16.5" time="100" condition="Integer.IsGreater(Player.Progress,60)" reversible="false">Conditonal</animation>
        <animation effect="slide" start="0" end="16.5" time="100" condition="Integer.IsGreater(Player.Progress,61)" reversible="false">Conditonal</animation>
        <animation effect="slide" start="0" end="16.5" time="100" condition="Integer.IsGreater(Player.Progress,62)" reversible="false">Conditonal</animation>
        <animation effect="slide" start="0" end="16.5" time="100" condition="Integer.IsGreater(Player.Progress,63)" reversible="false">Conditonal</animation>
        <animation effect="slide" start="0" end="16.5" time="100" condition="Integer.IsGreater(Player.Progress,64)" reversible="false">Conditonal</animation>
        <animation effect="slide" start="0" end="16.5" time="100" condition="Integer.IsGreater(Player.Progress,65)" reversible="false">Conditonal</animation>
        <animation effect="slide" start="0" end="16.5" time="100" condition="Integer.IsGreater(Player.Progress,66)" reversible="false">Conditonal</animation>
        <animation effect="slide" start="0" end="16.5" time="100" condition="Integer.IsGreater(Player.Progress,67)" reversible="false">Conditonal</animation>
        <animation effect="slide" start="0" end="16.5" time="100" condition="Integer.IsGreater(Player.Progress,68)" reversible="false">Conditonal</animation>
        <animation effect="slide" start="0" end="16.5" time="100" condition="Integer.IsGreater(Player.Progress,69)" reversible="false">Conditonal</animation>
        <animation effect="slide" start="0" end="16.5" time="100" condition="Integer.IsGreater(Player.Progress,70)" reversible="false">Conditonal</animation>
        <animation effect="slide" start="0" end="16.5" time="100" condition="Integer.IsGreater(Player.Progress,71)" reversible="false">Conditonal</animation>
        <animation effect="slide" start="0" end="16.5" time="100" condition="Integer.IsGreater(Player.Progress,72)" reversible="false">Conditonal</animation>
        <animation effect="slide" start="0" end="16.5" time="100" condition="Integer.IsGreater(Player.Progress,73)" reversible="false">Conditonal</animation>
        <animation effect="slide" start="0" end="16.5" time="100" condition="Integer.IsGreater(Player.Progress,74)" reversible="false">Conditonal</animation>
        <animation effect="slide" start="0" end="16.5" time="100" condition="Integer.IsGreater(Player.Progress,75)" reversible="false">Conditonal</animation>
        <animation effect="slide" start="0" end="16.5" time="100" condition="Integer.IsGreater(Player.Progress,76)" reversible="false">Conditonal</animation>
        <animation effect="slide" start="0" end="16.5" time="100" condition="Integer.IsGreater(Player.Progress,77)" reversible="false">Conditonal</animation>
        <animation effect="slide" start="0" end="16.5" time="100" condition="Integer.IsGreater(Player.Progress,78)" reversible="false">Conditonal</animation>
        <animation effect="slide" start="0" end="16.5" time="100" condition="Integer.IsGreater(Player.Progress,79)" reversible="false">Conditonal</animation>
        <animation effect="slide" start="0" end="16.5" time="100" condition="Integer.IsGreater(Player.Progress,80)" reversible="false">Conditonal</animation>
        <animation effect="slide" start="0" end="16.5" time="100" condition="Integer.IsGreater(Player.Progress,81)" reversible="false">Conditonal</animation>
        <animation effect="slide" start="0" end="16.5" time="100" condition="Integer.IsGreater(Player.Progress,82)" reversible="false">Conditonal</animation>
        <animation effect="slide" start="0" end="16.5" time="100" condition="Integer.IsGreater(Player.Progress,83)" reversible="false">Conditonal</animation>
        <animation effect="slide" start="0" end="16.5" time="100" condition="Integer.IsGreater(Player.Progress,84)" reversible="false">Conditonal</animation>
        <animation effect="slide" start="0" end="16.5" time="100" condition="Integer.IsGreater(Player.Progress,85)" reversible="false">Conditonal</animation>
        <animation effect="slide" start="0" end="16.5" time="100" condition="Integer.IsGreater(Player.Progress,86)" reversible="false">Conditonal</animation>
        <animation effect="slide" start="0" end="16.5" time="100" condition="Integer.IsGreater(Player.Progress,87)" reversible="false">Conditonal</animation>
    </include>

</includes>
