<?xml version="1.0" encoding="UTF-8"?>
<window>

    <controls>
        <control type="group">
            <animation effect="slide" time="300" start="0,-320" end="0,0">WindowOpen</animation>
            <animation effect="slide" time="150" start="0,0" end="0,-320">WindowClose</animation>

            <left>2712</left>
            <top>0</top>
            <width>1128</width>
            <height>320</height>
            <!-- Dialog background -->
            <control type="image">
                <left>0</left>
                <top>0</top>
                <width>1128</width>
                <height>320</height>
                <texture colordiffuse="fc202020" border="80">masks/Shadow256x256r24.png</texture>
            </control>
            <control type="image">
                <left>48</left>
                <top>48</top>
                <width>1032</width>
                <height>224</height>
                <texture colordiffuse="fc202020" border="32">masks/128x128r16.png</texture>
            </control>

            <control type="group">
                <left>96</left>
                <top>72</top>
                <bottom>72</bottom>
                <right>96</right>
                <!-- Header label -->
                <control type="label" id="30">
                    <left>0</left>
                    <right>0</right>
                    <top>0</top>
                    <height>64</height>
                    <font>NotificationText</font>
                    <scrollout>false</scrollout>
                    <pauseatend>2000</pauseatend>
                    <aligny>center</aligny>
                    <textcolor>TextBright</textcolor>
                </control>
                <!-- Body label -->
                <control type="label" id="31">
                    <left>0</left>
                    <right>0</right>
                    <top>64</top>
                    <height>64</height>
                    <font>NotificationText</font>
                    <scrollout>false</scrollout>
                    <pauseatend>2000</pauseatend>
                    <aligny>center</aligny>
                    <textcolor>TextDim</textcolor>
                </control>
                <!-- Progress bar -->
                <control type="progress" id="32">
                    <left>-16</left>
                    <top>130</top>
                    <width>968</width>
                    <height>48</height>
                    <reveal>false</reveal>
                    <texturebg colordiffuse="80ffffff">progress/ProgressBarBackground968.png</texturebg>
                    <lefttexture colordiffuse="Primary">progress/ProgressBarLeft.png</lefttexture>
                    <midtexture colordiffuse="Primary">progress/ProgressBarMid.png</midtexture>
                    <righttexture colordiffuse="Primary">progress/ProgressBarRight.png</righttexture>
                </control>
            </control>
        </control>
    </controls>

</window>