<?xml version="1.0" encoding="UTF-8"?>
<window>
    <onload>SetProperty(SetttingsCategoryReturn,false,home)</onload>
    <onload condition="String.Contains(Container.FolderPath,movies)">SetFocus(9005,1)</onload>
    <onload condition="String.Contains(Container.FolderPath,tvshows)">SetFocus(9005,2)</onload>
    <onload condition="String.IsEqual(Container.FolderName,Files)">SetFocus(9005,4)</onload>

    <defaultcontrol always="true">50</defaultcontrol>
    <views>50,500,501,502,510,511</views>

    <controls>
        <control type="group">
            <top>0</top>
            <left>0</left>

            <!-- Fake image for backgroung blur -->
            <control type="image" id="100000">
                <left>-3000</left>
                <top>-3000</top>
                <width>10</width>
                <height>10</height>
                <texture background="true">$VAR[BackgroundImage]</texture>
            </control>

            <!-- Include blurred background -->
            <include>BlurredBackground</include>

            <control type="group">
                <animation effect="slide" start="0,0" end="776,0" time="200" condition="ControlGroup(9052).HasFocus(0)">Conditional</animation>
                <animation effect="slide" start="0,0" end="-1016,0" time="200" condition="ControlGroup(9050).HasFocus(0)">Conditional</animation>

                <!-- Include all views -->
                <control type="group">
                    <animation effect="fade" start="0" end="100" time="200">WindowOpen</animation>
                    <animation effect="fade" start="100" end="0" time="200">WindowClose</animation>

                    <include>View_50_List</include>
                    <include>View_500_PosterWallLarge</include>
                    <include>View_501_PosterWallSmall</include>
                    <include>View_502_LandscapeWall</include>
                    <include>View_510_EpisodeWallBasic</include>
                    <include>View_511_EpisodeWallExtended</include>
                </control>

                <!-- Include menus -->
                <include>VideoCategoryMenu</include>
                <include>LibraryMenu</include>
            </control>

            <!-- Include main menu -->
            <include>MainMenu</include>

        </control>
    </controls>
</window>