<?xml version="1.0" encoding="UTF-8"?>
<includes>

    <!-- Landscape view-->
    <include name="View_502_LandscapeWall">
        <control type="group">
            <visible>Control.IsVisible(502)</visible>

            <control type="panel" id="502">
                <visible>Container.Content(movies) | Container.Content(tvshows) | Container.Content(seasons) | Container.Content(sets) | Container.Content(files) | String.Contains(Container.FolderPath,sources)</visible>
                <left>296</left>
                <width>3472</width>
                <top>0</top>
                <bottom>0</bottom>

                <onleft>9005</onleft>
                <onright>9050</onright>
                <onup>502</onup>
                <ondown>502</ondown>
                
                <onback condition="$EXP[contentIsMovies] + String.IsEqual(Container.Content,Window(home).Property(moviecategory))">9005</onback>
                <onback condition="$EXP[contentIsTVShows] + String.IsEqual(Container.Content,Window(home).Property(tvshowcategory))">9005</onback>
                <onback condition="$EXP[contentIsMusic] + String.IsEqual(Container.Content,Window(home).Property(musiccategory))">9005</onback>
                <onback condition="String.IsEqual(Container.FolderName,Files)">9005</onback>

                <pagecontrol>60</pagecontrol>
                <preloaditems>2</preloaditems>
                <viewtype label="Landscape">icon</viewtype>

                <!-- Sources / Playlists -->
                <itemlayout width="868" height="320" condition="Container.Content(playlists) | String.Contains(Container.FolderPath,sources)">
                    <control type="group">
                        <top>72</top>
                        <include content="CategoryLayout4">
                            <param name="ItemColor" value="MenuItemBackground" />
                            <param name="TextColor" value="TextDim" />
                        </include>
                    </control>
                </itemlayout>
                <focusedlayout width="868" height="320" condition="Container.Content(playlists) | String.Contains(Container.FolderPath,sources)">
                    <control type="group">
                        <top>72</top>
                        <include content="CategoryLayout4">
                            <param name="ItemColor" value="Primary" />
                            <param name="TextColor" value="TextDark" />
                        </include>
                    </control>
                </focusedlayout>

                <!-- Movies / TV Shows / Seasons / Sets / Files -->
                <itemlayout width="868" height="568" condition="Container.Content(movies) | Container.Content(tvshows) | Container.Content(seasons) | Container.Content(sets) | Container.Content(files)">
                    <control type="group">
                        <top>72</top>
                        <include content="LandscapeLayout4">
                            <param name="Focused" value="false" />
                            <param name="ControlID" value="502" />
                        </include>
                    </control>
                </itemlayout>
                <focusedlayout width="868" height="568" condition="Container.Content(movies) | Container.Content(tvshows) | Container.Content(seasons) | Container.Content(sets) | Container.Content(files)">
                    <control type="group">
                        <top>72</top>
                        <include content="LandscapeLayout4">
                            <param name="Focused" value="true" />
                            <param name="ControlID" value="502" />
                        </include>
                    </control>
                </focusedlayout>

            </control>

            <!-- <include>JumpToLetterVertical</include> -->
        </control>
    </include>

</includes>