<?xml version="1.0" encoding="UTF-8" standalone="yes"?>
<addon id="script.gtv.helper" name="GTV Helper" version="0.0.2" provider-name="roidy">
    <requires>
        <import addon="xbmc.python" version="2.25.0" />
        <import addon="script.module.pil" version="1.1.7" />
    </requires>

    <extension point="xbmc.service" library="service.py" />
    <extension point="xbmc.addon.metadata">
        <summary lang="en_GB">GTV helper</summary>
        <description lang="en_GB">Helper script for GTV skin</description>
        <platform>all</platform>
    </extension>
</addon>