<!-- DialogContextMenu.xml -->
<!-- TODO:- Nothing -->

<?xml version="1.0" encoding="UTF-8"?>
<window>
    <defaultcontrol always="true">996</defaultcontrol>
    <controls>



        <control type="group">
            <animation effect="slide" start="0,0" end="-928,0" time="200">WindowOpen</animation>
            <animation effect="slide" start="-928,0" end="0,0" time="200">WindowClose</animation>
            <left>3840</left>
            <width>928</width>
            <top>0</top>
            <bottom>0</bottom>

            <!-- Main Menu background -->
            <control type="image">
                <left>0</left>
                <top>0</top>
                <width>928</width>
                <height>2160</height>
                <texture colordiffuse="a0202020">general/White.png</texture>
            </control>
            <control type="image">
                <left>-48</left>
                <top>0</top>
                <width>48</width>
                <height>2160</height>
                <texture colordiffuse="e0202020">masks/MenuPanelShadowLeft.png</texture>
            </control>

            <control type="grouplist" id="996">
                <left>64</left>
                <top>0</top>
                <width>800</width>
                <height min="60" max="2160">auto</height>
                <onleft>action(back)</onleft>
                <onright>noop</onright>
                <onback>50</onback>
                <align>center</align>
                <itemgap>-4</itemgap>
                <usecontrolcoords>true</usecontrolcoords>

                <!-- View mode button -->
                <control type="button" id="1000">
                    <include>LibraryMenuButtonTemplate</include>
                </control>


            </control>

        </control>

















        <!-- <control type="group"> -->
        <!-- <animation effect="fade" start="0" end="100" time="100">WindowOpen</animation> -->
        <!-- <animation effect="fade" start="100" end="0" time="100">WindowClose</animation> -->

        <!--Context menu main control list -->
        <!-- <control type="grouplist" id="996">
                    <description>grouplist for context buttons</description>
                    <left>1404</left>
                    <top>128</top>
                    <width>1032</width>
                    <height min="60" max="2160">auto</height>
                    <usecontrolcoords>true</usecontrolcoords>
                    <itemgap>-4</itemgap>
                </control> -->
        <!-- Context menu button template -->
        <!-- <control type="button" id="1000">
                    <include>ContextButtonTemplate</include>
                </control> -->
        <!-- </control> -->
        <!-- </control> -->
    </controls>
</window>