<?xml version="1.0" encoding="UTF-8"?>
<window>
    <onload condition="String.Contains(Container.FolderPath,musicdb:)">SetFocus(9005,3)</onload>

    <!-- <onunload>SetFocus(9005,0)</onunload> -->

    <defaultcontrol always="true">50</defaultcontrol>
    <views>50,520,521</views>

    <controls>
        <control type="group">
            <top>0</top>
            <left>0</left>

            <!-- Fake image for backgroung blur -->
            <control type="image" id="100000">
                <left>-3000</left>
                <top>-3000</top>
                <width>10</width>
                <height>10</height>
                <texture background="true">$VAR[BackgroundImageMusic]</texture>
            </control>

            <!-- Include blurred background -->
            <include>BlurredBackground</include>

            <control type="group">
                <animation effect="slide" start="0,0" end="776,0" time="200" condition="ControlGroup(9054).HasFocus(0)">Conditional</animation>
                <animation effect="slide" start="0,0" end="-1016,0" time="200" condition="ControlGroup(9050).HasFocus(0)">Conditional</animation>

                <!-- Include all views -->
                <control type="group">
                    <animation effect="fade" start="0" end="100" time="200">WindowOpen</animation>
                    <animation effect="fade" start="100" end="0" time="200">WindowClose</animation>
                    <include>View_50_List</include>
                    <include>View_520_MusicWall</include>
                    <include>View_521_MusicCompact</include>
                </control>

                <!-- Include menus -->
                <include>LibraryMenu</include>
                <include>MusicCategoryMenu</include>
            </control>

            <!-- Include Main Menu -->
            <include>MainMenu</include>

        </control>
    </controls>
</window>